Namespace,Application,Replicas,CPU Limits,Memory Limits,CPU Requests,Memory Requests,HPA Max,HPA Min,Target CPU utilization,Current CPU Utilization,Max Surge
abdw0-prep,bridge-abdw0-rest2host-v1,1,500m,1536Mi,100m,1535Mi,,,,,50%
abdw0-prep,core-abilitazioneborse-v1,1,500m,1536Mi,100m,1535Mi,,,,,50%
abdw0-prep,core-contratti-v1,1,500m,1536Mi,100m,1535Mi,,,,,50%
abdw0-prep,ndce-abilitazioneborse-v1,1,500m,1536Mi,100m,1535Mi,,,,,50%
abdw0-prep,ndce-deploy-abilitazioneborse-v1,1,210m,512Mi,50m,500Mi,,,,,50%
abdw0-prod,bridge-abdw0-rest2host-v1,2,500m,1536Mi,100m,1535Mi,3,2,90,,50%
abdw0-prod,core-abilitazioneborse-v1,2,500m,1536Mi,50m,1535Mi,3,2,90,12,50%
abdw0-prod,core-contratti-v1,2,500m,1536Mi,100m,1535Mi,3,2,90,,50%
abdw0-prod,ndce-abilitazioneborse-v1,2,500m,1536Mi,50m,1535Mi,3,2,90,10,50%
abdw0-prod,ndce-deploy-abilitazioneborse-v1,2,210m,512Mi,30m,500Mi,3,2,90,5,50%
brdw0-prep,core-buonidirisparmio-v1,1,500m,1536Mi,100m,1535Mi,,,,,50%
brdw0-prep,ndce-buonidirisparmio-v1,1,500m,1536Mi,100m,1535Mi,,,,,50%
brdw0-prep,ndce-deploy-buonidirisparmio-v1,1,210m,512Mi,50m,500Mi,,,,,50%
brdw0-prod,core-buonidirisparmio-v1,2,500m,1536Mi,50m,1535Mi,3,2,90,11,50%
brdw0-prod,ndce-buonidirisparmio-v1,2,500m,1536Mi,30m,1535Mi,3,2,90,13,50%
brdw0-prod,ndce-deploy-buonidirisparmio-v1,2,210m,512Mi,30m,500Mi,3,2,90,3,50%
codw0-prep,bridge-codw0-rest2host-v1,1,500m,1536Mi,100m,1535Mi,,,,,50%
codw0-prep,core-condizionida-v1,1,500m,1536Mi,100m,1535Mi,,,,,50%
codw0-prep,ndce-condizionida-v1,1,500m,1536Mi,100m,1535Mi,,,,,50%
codw0-prod,bridge-codw0-rest2host-v1,2,500m,1536Mi,150m,1535Mi,3,2,90,39,50%
codw0-prod,core-condizionida-v1,2,500m,1536Mi,50m,1535Mi,3,2,90,10,50%
codw0-prod,ndce-condizionida-v1,2,500m,1536Mi,50m,1535Mi,3,2,90,11,50%
crtd0-prep,core-googlepay-v1,1,500m,1536Mi,100m,1535Mi,,,,,50%
crtd0-prep,core-huaweipay-v1,1,500m,1536Mi,100m,1535Mi,,,,,50%
crtd0-prep,core-infocarte-v1,1,500m,1536Mi,100m,1535Mi,,,,,50%
crtd0-prep,core-margconvers-v1,1,500m,1536Mi,100m,1535Mi,,,,,50%
crtd0-prep,core-pratiche-v1,1,500m,1536Mi,100m,1535Mi,,,,,50%
crtd0-prep,core-questionari-v1,1,500m,1536Mi,100m,1535Mi,,,,,50%
crtd0-prep,hazelcast-management-center,1,500m,1536Mi,100m,1535Mi,,,,,50%
crtd0-prep,infocarte-cache-v1,3,500m,1536Mi,100m,1535Mi,,,,,0
crtd0-prep,isya-postvenditacarte-v1,1,500m,1536Mi,100m,1535Mi,,,,,50%
crtd0-prep,mobile-huaweipay-v1,1,500m,1536Mi,100m,1535Mi,,,,,50%
crtd0-prep,mobile-infocarte-v1,1,500m,1536Mi,100m,1535Mi,,,,,50%
crtd0-prep,ndce-cartecommercial-v1,1,500m,1536Mi,100m,1535Mi,,,,,50%
crtd0-prep,ndce-deploy-firmadocumento-v1,1,210m,512Mi,100m,500Mi,,,,,50%
crtd0-prep,ndce-deploy-informativa-postvenditacarte-v1,1,210m,512Mi,50m,500Mi,,,,,50%
crtd0-prep,ndce-deploy-margconvers-v1,1,210m,512Mi,50m,500Mi,,,,,50%
crtd0-prep,ndce-deploy-qav-v1,1,210m,512Mi,100m,500Mi,,,,,50%
crtd0-prep,ndce-deploy-verificaconto-v1,1,210m,512Mi,100m,500Mi,,,,,50%
crtd0-prep,ndce-infocarte-v1,1,500m,1536Mi,100m,1535Mi,,,,,50%
crtd0-prep,ndce-margconvers-v1,1,500m,1536Mi,100m,1535Mi,,,,,50%
crtd0-prep,ndce-modificacircuitopref-v1,1,500m,1536Mi,100m,1535Mi,,,,,50%
crtd0-prod,core-googlepay-v1,2,500m,1536Mi,100m,1535Mi,3,2,90,4,50%
crtd0-prod,core-huaweipay-v1,2,500m,1536Mi,50m,1535Mi,3,2,90,8,50%
crtd0-prod,core-infocarte-v1,2,500m,1536Mi,100m,1535Mi,3,2,90,17,50%
crtd0-prod,core-margconvers-v1,2,500m,1536Mi,100m,1535Mi,3,2,90,17,50%
crtd0-prod,core-pratiche-v1,2,500m,1536Mi,30m,1535Mi,3,2,90,15,50%
crtd0-prod,core-questionari-v1,2,500m,1536Mi,30m,1535Mi,3,2,90,13,50%
crtd0-prod,hazelcast-management-center,1,500m,1536Mi,100m,1535Mi,,,,,50%
crtd0-prod,infocarte-cache-v1,2,500m,1536Mi,100m,1535Mi,3,2,90,,0
crtd0-prod,isya-postvenditacarte-v1,2,500m,1536Mi,100m,1535Mi,3,2,90,4,50%
crtd0-prod,mobile-huaweipay-v1,2,500m,1536Mi,30m,1535Mi,3,2,90,15,50%
crtd0-prod,mobile-infocarte-v1,2,500m,1536Mi,50m,1535Mi,3,2,90,26,50%
crtd0-prod,ndce-cartecommercial-v1,2,500m,1536Mi,30m,1535Mi,3,2,90,13,50%
crtd0-prod,ndce-deploy-firmadocumento-v1,2,210m,512Mi,30m,500Mi,3,2,90,3,50%
crtd0-prod,ndce-deploy-informativa-postvenditacarte-v1,2,210m,512Mi,150m,500Mi,3,2,90,23,50%
crtd0-prod,ndce-deploy-margconvers-v1,2,210m,512Mi,50m,500Mi,3,2,90,,50%
crtd0-prod,ndce-deploy-qav-v1,2,210m,512Mi,30m,500Mi,3,2,90,3,50%
crtd0-prod,ndce-deploy-verificaconto-v1,2,210m,512Mi,30m,500Mi,3,2,90,3,50%
crtd0-prod,ndce-infocarte-v1,2,500m,1536Mi,100m,1535Mi,3,2,90,8,50%
crtd0-prod,ndce-margconvers-v1,2,500m,1536Mi,50m,1535Mi,3,2,90,11,50%
crtd0-prod,ndce-modificacircuitopref-v1,2,500m,1536Mi,30m,1535Mi,3,2,90,18,50%
docd0-prep,core-archivio-chatbot-v1,1,500m,1536Mi,100m,1535Mi,,,,,50%
docd0-prep,core-archiviopagamenti-v1,1,500m,1536Mi,100m,1535Mi,,,,,50%
docd0-prep,core-informativepg-v1,1,500m,1536Mi,100m,1535Mi,,,,,50%
docd0-prep,core-propostecontratti-v1,1,500m,1536Mi,100m,1535Mi,,,,,50%
docd0-prep,disambiguazionecj-proposte-v1,1,500m,1536Mi,100m,1535Mi,,,,,50%
docd0-prep,disambiguazionecj-webapp,1,210m,512Mi,50m,500Mi,,,,,50%
docd0-prep,isya-archivio-v1,1,500m,1536Mi,100m,1535Mi,,,,,50%
docd0-prep,isya-avvisi-v1,1,500m,1536Mi,100m,1535Mi,,,,,50%
docd0-prep,isya-carrello-v1,1,500m,1536Mi,100m,1535Mi,,,,,50%
docd0-prep,isya-motorediricerca-v1,1,500m,1536Mi,100m,1535Mi,,,,,50%
docd0-prep,ndce-archiviopagamenti-v1,1,500m,1536Mi,100m,1535Mi,,,,,50%
docd0-prep,ndce-deploy-affidamenti-v1,1,210m,512Mi,100m,500Mi,,,,,50%
docd0-prep,ndce-deploy-archiviopagamenti-v1,1,210m,512Mi,100m,500Mi,,,,,50%
docd0-prep,ndce-deploy-avvisi-v1,1,210m,512Mi,50m,500Mi,,,,,50%
docd0-prep,ndce-deploy-partiteamaturare-v1,1,210m,512Mi,100m,500Mi,,,,,50%
docd0-prep,ndce-deploy-posizioneportafoglio-v1,1,210m,512Mi,100m,500Mi,,,,,50%
docd0-prep,ndce-deploy-revoche-v1,1,210m,512Mi,50m,500Mi,,,,,50%
docd0-prep,ndce-informativepg-v1,1,500m,1536Mi,100m,1535Mi,,,,,50%
docd0-prep,ndce-proposte-v1,1,500m,1536Mi,100m,1535Mi,,,,,50%
docd0-prod,core-archivio-chatbot-v1,3,500m,1536Mi,50m,1535Mi,4,3,70,11,50%
docd0-prod,core-archiviopagamenti-v1,4,500m,1536Mi,100m,1535Mi,4,4,90,57,50%
docd0-prod,core-informativepg-v1,3,500m,1536Mi,100m,1535Mi,4,3,90,5,50%
docd0-prod,core-propostecontratti-v1,3,500m,2Gi,50m,2047Mi,5,3,90,10,50%
docd0-prod,disambiguazionecj-proposte-v1,2,500m,1536Mi,30m,1535Mi,3,2,90,18,50%
docd0-prod,disambiguazionecj-webapp,2,210m,512Mi,50m,500Mi,3,2,90,14,50%
docd0-prod,isya-archivio-v1,2,500m,1536Mi,100m,1535Mi,3,2,90,4,50%
docd0-prod,isya-avvisi-v1,2,500m,1536Mi,100m,1535Mi,3,2,90,4,50%
docd0-prod,isya-carrello-v1,2,500m,1536Mi,100m,1535Mi,3,2,90,4,50%
docd0-prod,isya-motorediricerca-v1,2,500m,1536Mi,100m,1535Mi,3,2,90,4,50%
docd0-prod,ndce-archiviopagamenti-v1,3,500m,1536Mi,100m,1535Mi,4,3,90,13,50%
docd0-prod,ndce-deploy-affidamenti-v1,2,210m,512Mi,30m,500Mi,3,2,90,5,50%
docd0-prod,ndce-deploy-archiviopagamenti-v1,2,210m,512Mi,100m,500Mi,3,2,90,21,50%
docd0-prod,ndce-deploy-avvisi-v1,2,210m,512Mi,50m,500Mi,3,2,90,24,50%
docd0-prod,ndce-deploy-partiteamaturare-v1,2,210m,512Mi,30m,500Mi,3,2,90,3,50%
docd0-prod,ndce-deploy-posizioneportafoglio-v1,2,210m,512Mi,30m,500Mi,3,2,90,3,50%
docd0-prod,ndce-deploy-revoche-v1,2,210m,512Mi,50m,500Mi,3,2,90,11,50%
docd0-prod,ndce-informativepg-v1,3,500m,1536Mi,50m,1535Mi,4,3,90,8,50%
docd0-prod,ndce-proposte-v1,2,500m,1536Mi,100m,1535Mi,3,2,90,,50%
fiap0-prep,alfabetopb-deploy-financialaggregator-v1,1,210m,512Mi,100m,500Mi,,,,,50%
fiap0-prep,alfabetopb-financialaggregator-v1,1,500m,1536Mi,100m,1535Mi,,,,,50%
fiap0-prep,fiap0-cache-v1,3,500m,1536Mi,100m,1535Mi,,,,,0
fiap0-prep,hazelcast-management-center,1,500m,1536Mi,100m,1535Mi,,,,,50%
fiap0-prep,ndce-calcolorating-fa-v1,1,500m,1536Mi,100m,1535Mi,,,,,50%
fiap0-prep,ndce-calcolorating-pf-fa-v1,1,500m,1536Mi,100m,1535Mi,,,,,50%
fiap0-prep,ndce-deploy-bank-enrollment-process-v1,1,210m,512Mi,100m,500Mi,,,,,50%
fiap0-prep,ndce-deploy-financialaggregator-v1,1,210m,512Mi,100m,500Mi,,,,,50%
fiap0-prep,ndce-deploy-mio-profilo-v1,1,210m,512Mi,100m,500Mi,,,,,50%
fiap0-prep,ndce-deploy-payments-fa-v1,1,210m,512Mi,100m,500Mi,,,,,50%
fiap0-prep,ndce-deploy-sca-v1,1,210m,512Mi,100m,500Mi,,,,,50%
fiap0-prep,ndce-deploy-smartlending-fa-v1,1,210m,512Mi,100m,500Mi,,,,,50%
fiap0-prep,ndce-fahub-v1,1,500m,1536Mi,100m,1535Mi,,,,,50%
fiap0-prep,ndce-financialaggregator-app-v1,1,500m,1536Mi,100m,1535Mi,,,,,50%
fiap0-prep,ndce-financialaggregator-v1,1,500m,1536Mi,100m,1535Mi,,,,,50%
fiap0-prep,ndce-smartlending-fa-v1,1,500m,1536Mi,100m,1535Mi,,,,,50%
fiap0-prod,alfabetopb-deploy-financialaggregator-v1,2,210m,512Mi,30m,500Mi,3,2,90,3,50%
fiap0-prod,alfabetopb-financialaggregator-v1,2,500m,1536Mi,50m,1535Mi,3,2,90,11,50%
fiap0-prod,fiap0-cache-v1,3,500m,1536Mi,100m,1535Mi,3,3,70,18,0
fiap0-prod,hazelcast-management-center,1,500m,1536Mi,100m,1535Mi,,,,,50%
fiap0-prod,ndce-calcolorating-fa-v1,2,500m,1536Mi,50m,1535Mi,3,2,90,16,50%
fiap0-prod,ndce-calcolorating-pf-fa-v1,2,500m,1536Mi,50m,1535Mi,3,2,90,14,50%
fiap0-prod,ndce-deploy-bank-enrollment-process-v1,2,210m,512Mi,30m,500Mi,3,2,90,3,50%
fiap0-prod,ndce-deploy-financialaggregator-v1,2,210m,512Mi,30m,500Mi,3,2,90,3,50%
fiap0-prod,ndce-deploy-mio-profilo-v1,2,210m,512Mi,30m,500Mi,3,2,90,6,50%
fiap0-prod,ndce-deploy-payments-fa-v1,2,210m,512Mi,30m,500Mi,3,2,70,6,50%
fiap0-prod,ndce-deploy-sca-v1,2,210m,512Mi,30m,500Mi,3,2,90,3,50%
fiap0-prod,ndce-deploy-smartlending-fa-v1,2,210m,512Mi,30m,500Mi,3,2,70,5,50%
fiap0-prod,ndce-fahub-v1,2,500m,1536Mi,100m,1535Mi,3,2,90,,50%
fiap0-prod,ndce-financialaggregator-app-v1,2,500m,1536Mi,100m,1535Mi,3,2,90,,50%
fiap0-prod,ndce-financialaggregator-v1,15,500m,1536Mi,100m,1535Mi,15,5,90,84,50%
fiap0-prod,ndce-smartlending-fa-v1,2,500m,1536Mi,50m,1535Mi,3,2,70,22,50%
find0-prep,core-infofinanziamenti-v1,1,500m,1536Mi,100m,1535Mi,,,,,50%
find0-prep,isya-infofinanziamenti-v1,1,500m,1536Mi,100m,1535Mi,,,,,50%
find0-prep,mobile-infofinanziamenti-v1,1,500m,1536Mi,100m,1535Mi,,,,,50%
find0-prod,core-infofinanziamenti-v1,2,500m,1536Mi,100m,1535Mi,3,2,90,33,50%
find0-prod,isya-infofinanziamenti-v1,2,500m,1536Mi,100m,1535Mi,3,2,90,4,50%
find0-prod,mobile-infofinanziamenti-v1,2,500m,1536Mi,100m,1535Mi,3,2,90,19,50%
fisb0-prep,alfabeto-avvisi-v1,1,500m,1536Mi,100m,1535Mi,,,,,50%
fisb0-prep,alfabeto-contocorrente-v1,1,500m,1536Mi,100m,1535Mi,,,,,50%
fisb0-prep,alfabeto-ricerca-v1,1,500m,1536Mi,100m,1535Mi,,,,,50%
fisb0-prep,alfabeto-rubrica-v1,1,500m,1536Mi,100m,1535Mi,,,,,50%
fisb0-prep,alfabeto-userpreferences-v1,1,500m,1536Mi,100m,1535Mi,,,,,50%
fisb0-prep,bridge-fisb0-rest2host-v1,1,500m,1536Mi,100m,1535Mi,,,,,50%
fisb0-prep,core-alfabeto-avvisi-v1,1,500m,1536Mi,100m,1535Mi,,,,,50%
fisb0-prep,core-alfabeto-cc-v1,1,500m,1536Mi,100m,1535Mi,,,,,50%
fisb0-prep,core-alfabeto-rubrica-v1,1,500m,1536Mi,100m,1535Mi,,,,,50%
fisb0-prod,alfabeto-avvisi-v1,3,500m,1536Mi,100m,1535Mi,4,3,90,17,50%
fisb0-prod,alfabeto-contocorrente-v1,3,500m,1536Mi,100m,1535Mi,4,3,90,13,50%
fisb0-prod,alfabeto-ricerca-v1,3,500m,1536Mi,100m,1535Mi,4,3,90,6,50%
fisb0-prod,alfabeto-rubrica-v1,3,500m,1536Mi,100m,1535Mi,4,3,90,9,50%
fisb0-prod,alfabeto-userpreferences-v1,3,500m,1536Mi,100m,1535Mi,4,3,90,23,50%
fisb0-prod,bridge-fisb0-rest2host-v1,3,500m,1536Mi,100m,1535Mi,4,3,90,48,50%
fisb0-prod,core-alfabeto-avvisi-v1,3,500m,1536Mi,50m,1535Mi,4,3,90,9,50%
fisb0-prod,core-alfabeto-cc-v1,3,500m,1536Mi,100m,1535Mi,4,3,90,10,50%
fisb0-prod,core-alfabeto-rubrica-v1,3,500m,1536Mi,100m,1535Mi,4,3,90,9,50%
fpgd0-prep,core-mongoflussipg-v1,1,500m,1536Mi,100m,1535Mi,,,,,50%
fpgd0-prep,fpgd0-cache-v1,3,500m,1536Mi,100m,1535Mi,,,,,25%
fpgd0-prep,hazelcast-management-center,1,500m,1536Mi,100m,1535Mi,,,,,50%
fpgd0-prep,ndce-deploy-flussipg-v1,1,210m,512Mi,50m,500Mi,,,,,50%
fpgd0-prep,ndce-flussipg-v1,1,500m,1536Mi,100m,1535Mi,,,,,50%
fpgd0-prod,core-mongoflussipg-v1,2,500m,1536Mi,30m,1535Mi,3,2,90,16,50%
fpgd0-prod,fpgd0-cache-v1,2,500m,1536Mi,100m,1535Mi,3,2,90,8,25%
fpgd0-prod,hazelcast-management-center,1,500m,1536Mi,100m,1535Mi,,,,,50%
fpgd0-prod,ndce-deploy-flussipg-v1,2,210m,512Mi,30m,500Mi,3,2,90,3,50%
fpgd0-prod,ndce-flussipg-v1,2,500m,1536Mi,100m,1535Mi,3,2,90,25,50%
gpdw0-prep,alfabeto-globalposition-v1,1,500m,1536Mi,100m,1535Mi,,,,,50%
gpdw0-prep,alfabetomobile-globalposition-v1,1,500m,1536Mi,100m,1535Mi,,,,,50%
gpdw0-prep,core-globalposition-v1,1,500m,1536Mi,100m,1535Mi,,,,,50%
gpdw0-prep,isya-globalposition-v1,1,500m,1536Mi,100m,1535Mi,,,,,50%
gpdw0-prep,mobile-globalposition-v1,1,500m,1536Mi,100m,1535Mi,,,,,50%
gpdw0-prep,mobile-globalpositionpg-v1,1,500m,1536Mi,100m,1535Mi,,,,,50%
gpdw0-prep,ndce-deploy-globalposition-v1,1,210m,512Mi,50m,500Mi,,,,,50%
gpdw0-prep,ndce-deploy-globalpositionfideuram-v1,1,210m,512Mi,50m,500Mi,,,,,50%
gpdw0-prep,ndce-deploy-globalpositionpg-v1,1,210m,512Mi,50m,500Mi,,,,,50%
gpdw0-prep,ndce-globalposition-v1,1,500m,1536Mi,100m,1535Mi,,,,,50%
gpdw0-prep,ndce-globalpositionpg-v1,1,500m,1536Mi,100m,1535Mi,,,,,50%
gpdw0-prod,alfabeto-globalposition-v1,2,500m,1536Mi,100m,1535Mi,3,2,90,,50%
gpdw0-prod,alfabetomobile-globalposition-v1,2,500m,1536Mi,100m,1535Mi,3,2,90,40,50%
gpdw0-prod,core-globalposition-v1,24,500m,1536Mi,100m,1535Mi,24,16,90,94,50%
gpdw0-prod,isya-globalposition-v1,2,500m,1536Mi,100m,1535Mi,3,2,90,9,50%
gpdw0-prod,mobile-globalposition-v1,14,500m,1536Mi,100m,1535Mi,18,12,90,86,50%
gpdw0-prod,mobile-globalpositionpg-v1,8,500m,1536Mi,100m,1535Mi,12,8,90,16,50%
gpdw0-prod,ndce-deploy-globalposition-v1,15,210m,512Mi,50m,500Mi,30,15,90,98,50%
gpdw0-prod,ndce-deploy-globalpositionfideuram-v1,2,210m,512Mi,50m,500Mi,3,2,90,25,50%
gpdw0-prod,ndce-deploy-globalpositionpg-v1,8,210m,512Mi,50m,500Mi,12,8,90,55,50%
gpdw0-prod,ndce-globalposition-v1,4,500m,1536Mi,100m,1535Mi,6,4,90,48,50%
gpdw0-prod,ndce-globalpositionpg-v1,2,500m,1536Mi,100m,1535Mi,3,2,90,34,50%
icdw0-prep,alfabeto-infoconti-v1,1,500m,1536Mi,100m,1535Mi,,,,,50%
icdw0-prep,core-infoconti-v1,1,500m,1536Mi,100m,1535Mi,,,,,50%
icdw0-prep,ndce-deploy-infoconti-v1,1,210m,512Mi,50m,500Mi,,,,,50%
icdw0-prep,ndce-infoconti-v1,1,500m,1536Mi,100m,1535Mi,,,,,50%
icdw0-prod,alfabeto-infoconti-v1,2,500m,1536Mi,100m,1535Mi,3,2,90,16,50%
icdw0-prod,core-infoconti-v1,2,500m,1536Mi,100m,1535Mi,3,2,90,32,50%
icdw0-prod,ndce-deploy-infoconti-v1,2,210m,512Mi,50m,500Mi,3,2,90,80,50%
icdw0-prod,ndce-infoconti-v1,2,500m,1536Mi,100m,1535Mi,3,2,90,42,50%
mcfg0-prod,core-appconfiguration-v1,2,500m,1536Mi,100m,1535Mi,3,2,90,4,50%
mcfg0-prod,core-demoapp-v1,2,500m,1536Mi,100m,1535Mi,3,2,90,5,50%
mcfg0-prod,core-deviceinfo-v1,2,500m,1536Mi,100m,1535Mi,3,2,90,5,50%
mcfg0-prod,core-identification-v1,2,500m,1536Mi,100m,1535Mi,3,2,90,9,50%
mcfg0-prod,core-liveness-v1,2,500m,1536Mi,100m,1535Mi,3,2,90,5,50%
mcfg0-prod,core-login-identification-matcher-v1,2,500m,1536Mi,100m,1535Mi,3,2,90,,50%
mcfg0-prod,core-mobileconfig-v1,3,500m,1536Mi,50m,1535Mi,4,3,90,7,50%
mcfg0-prod,core-mobilelogin-v1,36,500m,1536Mi,100m,1535Mi,36,15,90,100,50%
mcfg0-prod,core-statemanager-v1,2,500m,1536Mi,100m,1535Mi,3,2,90,,50%
mcfg0-prod,hazelcast-management-center,1,500m,1536Mi,100m,1535Mi,,,,,50%
mcfg0-prod,isya-demoapp-v1,2,500m,1536Mi,100m,1535Mi,3,2,90,5,50%
mcfg0-prod,isya-deviceinfo-v1,2,500m,1536Mi,100m,1535Mi,3,2,90,5,50%
mcfg0-prod,isya-enforcement-v1,2,500m,1536Mi,100m,1535Mi,3,2,90,4,50%
mcfg0-prod,isya-lista-device-v1,2,500m,1536Mi,100m,1535Mi,3,2,90,4,50%
mcfg0-prod,isya-login-v1,2,500m,1536Mi,100m,1535Mi,3,2,90,4,50%
mcfg0-prod,isya-notification-v1,2,500m,1536Mi,100m,1535Mi,3,2,90,4,50%
mcfg0-prod,isya-pendingtransactionlist-v1,2,500m,1536Mi,100m,1535Mi,3,2,90,,50%
mcfg0-prod,isya-recuperopin-v1,2,500m,1536Mi,100m,1535Mi,3,2,90,4,50%
mcfg0-prod,isya-statemanager-v1,2,500m,1536Mi,100m,1535Mi,3,2,90,,50%
mcfg0-prod,mcfg0-cache-v1,3,500m,2000Mi,100m,1535Mi,,,,,25%
mcfg0-prod,mobile-divpostlogin-v1,2,500m,1536Mi,100m,1535Mi,3,2,90,31,50%
mcfg0-prod,mobile-login-v1,19,500m,1536Mi,100m,1535Mi,24,6,90,98,50%
mcfg0-prod,mobile-pendingtransactionlist-v1,2,500m,1536Mi,100m,1535Mi,3,2,90,27,50%
pcnd0-prep,core-infobanche-v1,1,500m,1536Mi,100m,1535Mi,,,,,50%
pcnd0-prep,core-infogestorifiliale-v1,1,500m,1536Mi,100m,1535Mi,,,,,50%
pcnd0-prep,isya-parlaconnoi-v1,1,500m,1536Mi,100m,1535Mi,,,,,50%
pcnd0-prep,ndce-contatti-v1,1,500m,1536Mi,100m,1535Mi,,,,,50%
pcnd0-prep,ndce-digcoll-v1,1,500m,1536Mi,100m,1535Mi,,,,,50%
pcnd0-prep,ndcechat-deploy-digcoll-v1,1,210m,512Mi,50m,500Mi,,,,,50%
pcnd0-prod,core-infobanche-v1,2,500m,1536Mi,100m,1535Mi,3,2,90,5,50%
pcnd0-prod,core-infogestorifiliale-v1,3,500m,1536Mi,100m,1535Mi,4,3,90,21,50%
pcnd0-prod,isya-parlaconnoi-v1,2,500m,1536Mi,100m,1535Mi,3,2,90,3,50%
pcnd0-prod,ndce-contatti-v1,2,500m,1536Mi,50m,1535Mi,3,2,90,9,50%
pcnd0-prod,ndce-digcoll-v1,3,500m,1536Mi,100m,1535Mi,4,3,90,104,50%
pcnd0-prod,ndcechat-deploy-digcoll-v1,3,210m,512Mi,50m,500Mi,3,2,90,97,50%
pfmp0-prod,alfabetopb-pfm-gestionespese-v1,2,500m,1536Mi,30m,1535Mi,3,2,70,11,50%
pfmp0-prod,core-andamentaletpp-v1,2,500m,1536Mi,100m,1535Mi,3,2,90,,50%
pfmp0-prod,core-entrateuscite-v1,2,500m,1536Mi,100m,1535Mi,3,2,90,14,50%
pfmp0-prod,core-geoloc-merchant-v1,6,1500m,2Gi,1,2047Mi,8,6,90,13,50%
pfmp0-prod,core-georef-adesionepreferiti-v1,2,500m,1536Mi,50m,1535Mi,3,2,90,11,50%
pfmp0-prod,core-georef-aggiornacoordinate-v1,2,500m,1536Mi,100m,1535Mi,3,2,90,,50%
pfmp0-prod,core-georef-scaricomovimenti-v1,6,500m,1536Mi,100m,1535Mi,9,6,90,8,50%
pfmp0-prod,core-gestionespese-report-v1,8,500m,4G,100m,1535Mi,12,8,90,4,50%
pfmp0-prod,core-peercomparison-v1,2,500m,1536Mi,100m,1535Mi,3,2,90,24,50%
pfmp0-prod,core-pfm-carbon-esg-v1,2,500m,1536Mi,100m,1535Mi,3,2,90,28,50%
pfmp0-prod,core-pfm-chatbot-v1,3,500m,1536Mi,50m,1535Mi,4,3,90,7,50%
pfmp0-prod,core-pfm-gestionespese-v1,4,1,1536Mi,100m,1535Mi,6,4,90,30,50%
pfmp0-prod,core-pfm-v1,8,500m,1536Mi,100m,1535Mi,11,8,90,36,50%
pfmp0-prod,core-saldiprevisionale-v1,3,500m,1536Mi,100m,1535Mi,4,3,90,49,50%
pfmp0-prod,hazelcast-management-center,1,500m,1536Mi,100m,1535Mi,,,,,50%
pfmp0-prod,isya-analisispese-v1,2,500m,1536Mi,100m,1535Mi,3,2,90,4,50%
pfmp0-prod,isya-andamentale-v1,2,500m,1536Mi,100m,1535Mi,3,2,90,3,50%
pfmp0-prod,isya-cashmap-v1,2,500m,1536Mi,100m,1535Mi,3,2,90,4,50%
pfmp0-prod,isya-entrateuscite-v1,2,500m,1536Mi,100m,1535Mi,3,2,90,5,50%
pfmp0-prod,isya-peercomparison-v1,2,500m,1536Mi,100m,1535Mi,3,2,90,4,50%
pfmp0-prod,isya-pfm-carbon-esg-v1,2,500m,1536Mi,100m,1535Mi,3,2,90,,50%
pfmp0-prod,ndce-entrateuscite-v1,2,500m,1536Mi,100m,1535Mi,3,2,90,8,50%
pfmp0-prod,ndce-geoloc-merchant-v1,8,500m,1536Mi,100m,1535Mi,11,8,90,28,50%
pfmp0-prod,ndce-georef-adesionepreferiti-v1,2,500m,1536Mi,50m,1535Mi,3,2,90,11,50%
pfmp0-prod,ndce-gestionespese-report-v1,2,500m,1536Mi,50m,1535Mi,3,2,90,12,50%
pfmp0-prod,ndce-peercomparison-v1,2,500m,1536Mi,100m,1535Mi,3,2,90,13,50%
pfmp0-prod,ndce-pfm-carbon-esg-v1,2,500m,1536Mi,100m,1535Mi,3,2,90,41,50%
pfmp0-prod,ndce-pfm-gestionespese-v1,4,500m,1536Mi,100m,1535Mi,6,4,90,12,50%
pfmp0-prod,ndce-saldiprevisionale-v1,3,500m,1536Mi,100m,1535Mi,4,3,90,32,50%
pfmp0-prod,pfmp0-cache-v1,4,500m,1536Mi,100m,1535Mi,4,4,90,14,0
pgmd0-prep,alfabetomobile-opfrequenti-v1,1,500m,1536Mi,100m,1535Mi,,,,,50%
pgmd0-prep,alfabetomobile-opfuture-v1,1,500m,1536Mi,100m,1535Mi,,,,,50%
pgmd0-prep,cardless-cache-v1,3,500m,1536Mi,100m,1535Mi,,,,,25%
pgmd0-prep,core-attivazione-bonifici-instant-v1,1,500m,1536Mi,100m,1535Mi,,,,,50%
pgmd0-prep,core-bomulantifrode-v1,1,500m,1536Mi,100m,1535Mi,,,,,50%
pgmd0-prep,core-cardless-v1,1,500m,1536Mi,100m,1535Mi,,,,,50%
pgmd0-prep,core-datiantiriciclaggio-v1,1,500m,1536Mi,100m,1535Mi,,,,,50%
pgmd0-prep,core-datidomiciliazioni-v1,1,500m,1536Mi,100m,1535Mi,,,,,50%
pgmd0-prep,core-datif24-v1,1,500m,1536Mi,100m,1535Mi,,,,,50%
pgmd0-prep,core-interactiondb-v1,1,500m,1536Mi,100m,1535Mi,,,,,50%
pgmd0-prep,core-listepagamenti-v1,1,500m,1536Mi,100m,1535Mi,,,,,50%
pgmd0-prep,core-mongoantifrode-v1,1,500m,1536Mi,100m,1535Mi,,,,,50%
pgmd0-prep,core-opfrequenti-v1,1,500m,1536Mi,100m,1535Mi,,,,,50%
pgmd0-prep,core-residuicliente-v1,1,500m,1536Mi,100m,1535Mi,,,,,50%
pgmd0-prep,core-rubrica-v1,1,500m,1536Mi,100m,1535Mi,,,,,50%
pgmd0-prep,hazelcast-management-center,1,500m,1536Mi,100m,1535Mi,,,,,50%
pgmd0-prep,isya-bonifico-v1,1,500m,1536Mi,100m,1535Mi,,,,,50%
pgmd0-prep,isya-cardless-v1,1,500m,1536Mi,100m,1535Mi,,,,,50%
pgmd0-prep,isya-cbill-v1,1,500m,1536Mi,100m,1535Mi,,,,,50%
pgmd0-prep,isya-domiciliazioni-v1,1,500m,1536Mi,100m,1535Mi,,,,,50%
pgmd0-prep,isya-f24-v1,1,500m,1536Mi,100m,1535Mi,,,,,50%
pgmd0-prep,isya-mav-v1,1,500m,1536Mi,100m,1535Mi,,,,,50%
pgmd0-prep,isya-operazionipianificate-v1,1,500m,1536Mi,100m,1535Mi,,,,,50%
pgmd0-prep,isya-promemoria-v1,1,500m,1536Mi,100m,1535Mi,,,,,50%
pgmd0-prep,isya-revoche-v1,1,500m,1536Mi,100m,1535Mi,,,,,50%
pgmd0-prep,isya-ricaricacellulare-v1,1,500m,1536Mi,100m,1535Mi,,,,,50%
pgmd0-prep,isya-rubrica-v1,1,500m,1536Mi,100m,1535Mi,,,,,50%
pgmd0-prep,ndce-attivazione-bonifici-instant-v1,1,500m,1536Mi,100m,1535Mi,,,,,50%
pgmd0-prep,ndce-bomulantifrode-v1,1,500m,1536Mi,100m,1535Mi,,,,,50%
pgmd0-prep,ndce-deploy-autorizzazioni-v1,1,210m,512Mi,50m,500Mi,,,,,50%
pgmd0-prep,ndce-deploy-bollettini-v1,1,210m,512Mi,50m,500Mi,,,,,50%
pgmd0-prep,ndce-deploy-bonificiib-v1,1,210m,512Mi,50m,500Mi,,,,,50%
pgmd0-prep,ndce-deploy-f24-v1,1,210m,512Mi,50m,500Mi,,,,,50%
pgmd0-prep,ndce-deploy-opricorrenti-pianificate-v1,1,210m,512Mi,50m,500Mi,,,,,50%
pgmd0-prep,ndce-deploy-pagamentirapidi-v1,1,210m,512Mi,50m,500Mi,,,,,50%
pgmd0-prep,ndce-deploy-pianificate-v1,1,210m,512Mi,50m,500Mi,,,,,50%
pgmd0-prep,ndce-deploy-promemoria-v1,1,210m,512Mi,50m,500Mi,,,,,50%
pgmd0-prep,ndce-deploy-ricariche-v1,1,210m,512Mi,50m,500Mi,,,,,50%
pgmd0-prep,ndce-deploy-ricorrenti-v1,1,210m,512Mi,50m,500Mi,,,,,50%
pgmd0-prep,ndce-deploy-rubrica-v1,1,210m,512Mi,50m,500Mi,,,,,50%
pgmd0-prep,ndce-deploy-tasse-universitarie-v1,1,210m,512Mi,50m,500Mi,,,,,50%
pgmd0-prep,ndce-onboardingubi-v1,1,500m,1536Mi,100m,1535Mi,,,,,50%
pgmd0-prep,ndce-opfrequenti-v1,1,500m,1536Mi,100m,1535Mi,,,,,50%
pgmd0-prep,ndce-opfuture-v1,1,500m,1536Mi,100m,1535Mi,,,,,50%
pgmd0-prep,pgmd0-cache-v1,3,500m,1536Mi,100m,1535Mi,,,,,25%
pgmd0-prod,alfabetomobile-opfrequenti-v1,2,500m,1536Mi,50m,1535Mi,3,2,90,11,50%
pgmd0-prod,alfabetomobile-opfuture-v1,2,500m,1536Mi,100m,1535Mi,3,2,90,18,50%
pgmd0-prod,cardless-cache-v1,2,500m,1536Mi,100m,1535Mi,3,2,90,8,25%
pgmd0-prod,core-attivazione-bonifici-instant-v1,2,500m,1536Mi,100m,1535Mi,3,2,90,64,50%
pgmd0-prod,core-bomulantifrode-v1,2,500m,1536Mi,100m,1535Mi,3,2,90,17,50%
pgmd0-prod,core-cardless-v1,2,500m,1536Mi,100m,1535Mi,3,2,90,6,50%
pgmd0-prod,core-datiantiriciclaggio-v1,2,500m,1536Mi,100m,1535Mi,3,2,90,4,50%
pgmd0-prod,core-datidomiciliazioni-v1,2,500m,1536Mi,100m,1535Mi,3,2,90,4,50%
pgmd0-prod,core-datif24-v1,2,500m,1536Mi,100m,1535Mi,3,2,90,20,50%
pgmd0-prod,core-interactiondb-v1,3,500m,1536Mi,100m,1535Mi,3,2,90,208,50%
pgmd0-prod,core-listepagamenti-v1,2,500m,1536Mi,100m,1535Mi,3,2,90,5,50%
pgmd0-prod,core-mongoantifrode-v1,2,500m,1536Mi,30m,1535Mi,3,2,90,13,50%
pgmd0-prod,core-opfrequenti-v1,2,500m,1536Mi,100m,1535Mi,3,2,90,24,50%
pgmd0-prod,core-residuicliente-v1,2,500m,1536Mi,100m,1535Mi,3,2,90,5,50%
pgmd0-prod,core-rubrica-v1,2,500m,1536Mi,100m,1535Mi,3,2,90,5,50%
pgmd0-prod,hazelcast-management-center,1,500m,1536Mi,100m,1535Mi,,,,,50%
pgmd0-prod,isya-bonifico-v1,2,500m,1536Mi,100m,1535Mi,3,2,90,5,50%
pgmd0-prod,isya-cardless-v1,2,500m,1536Mi,100m,1535Mi,3,2,90,4,50%
pgmd0-prod,isya-cbill-v1,2,500m,1536Mi,100m,1535Mi,3,2,90,5,50%
pgmd0-prod,isya-domiciliazioni-v1,2,500m,1536Mi,100m,1535Mi,3,2,90,5,50%
pgmd0-prod,isya-f24-v1,2,500m,1536Mi,100m,1535Mi,3,2,90,5,50%
pgmd0-prod,isya-mav-v1,2,500m,1536Mi,100m,1535Mi,3,2,90,4,50%
pgmd0-prod,isya-operazionipianificate-v1,2,500m,1536Mi,100m,1535Mi,3,2,90,6,50%
pgmd0-prod,isya-promemoria-v1,2,500m,1536Mi,100m,1535Mi,3,2,90,4,50%
pgmd0-prod,isya-revoche-v1,2,500m,1536Mi,100m,1535Mi,3,2,90,4,50%
pgmd0-prod,isya-ricaricacellulare-v1,2,500m,1536Mi,100m,1535Mi,3,2,90,5,50%
pgmd0-prod,isya-rubrica-v1,2,500m,1536Mi,100m,1535Mi,3,2,90,4,50%
pgmd0-prod,ndce-attivazione-bonifici-instant-v1,2,500m,1536Mi,100m,1535Mi,3,2,90,8,50%
pgmd0-prod,ndce-bomulantifrode-v1,2,500m,1536Mi,50m,1535Mi,3,2,90,8,50%
pgmd0-prod,ndce-deploy-autorizzazioni-v1,2,210m,512Mi,30m,500Mi,3,2,90,11,50%
pgmd0-prod,ndce-deploy-bollettini-v1,2,210m,512Mi,50m,500Mi,3,2,90,52,50%
pgmd0-prod,ndce-deploy-bonificiib-v1,6,210m,512Mi,50m,500Mi,6,3,90,155,50%
pgmd0-prod,ndce-deploy-f24-v1,2,210m,512Mi,50m,500Mi,4,2,90,58,50%
pgmd0-prod,ndce-deploy-opricorrenti-pianificate-v1,2,210m,512Mi,30m,500Mi,3,2,90,3,50%
pgmd0-prod,ndce-deploy-pagamentirapidi-v1,2,210m,512Mi,30m,500Mi,3,2,90,10,50%
pgmd0-prod,ndce-deploy-pianificate-v1,2,210m,512Mi,30m,500Mi,3,2,90,3,50%
pgmd0-prod,ndce-deploy-promemoria-v1,2,210m,512Mi,50m,500Mi,3,2,90,9,50%
pgmd0-prod,ndce-deploy-ricariche-v1,2,210m,512Mi,50m,500Mi,4,2,90,8,50%
pgmd0-prod,ndce-deploy-ricorrenti-v1,2,210m,512Mi,30m,500Mi,3,2,90,3,50%
pgmd0-prod,ndce-deploy-rubrica-v1,2,210m,512Mi,50m,500Mi,3,2,90,2,50%
pgmd0-prod,ndce-deploy-tasse-universitarie-v1,2,210m,512Mi,30m,500Mi,3,2,90,3,50%
pgmd0-prod,ndce-onboardingubi-v1,2,500m,1536Mi,50m,1535Mi,3,2,90,11,50%
pgmd0-prod,ndce-opfrequenti-v1,2,500m,1536Mi,100m,1535Mi,3,2,90,44,50%
pgmd0-prod,ndce-opfuture-v1,8,700m,1536Mi,100m,1535Mi,8,6,90,110,50%
pgmd0-prod,pgmd0-cache-v1,3,500m,1536Mi,100m,1535Mi,3,3,90,9,25%
prfd0-prep,alfabeto-devices-v1,1,500m,1536Mi,100m,1535Mi,,,,,50%
prfd0-prep,alfabetomobile-datisessione-v1,1,500m,1536Mi,100m,1535Mi,,,,,50%
prfd0-prep,core-devices-v1,1,500m,1536Mi,100m,1535Mi,,,,,50%
prfd0-prep,core-enifstandalone-v1,1,500m,1536Mi,100m,1535Mi,,,,,50%
prfd0-prep,core-fatcastandalone-v1,1,500m,1536Mi,100m,1535Mi,,,,,50%
prfd0-prep,core-kafka-devices-v1,1,500m,1536Mi,100m,1535Mi,,,,,50%
prfd0-prep,core-mioprofilo-v1,1,500m,1536Mi,100m,1535Mi,,,,,50%
prfd0-prep,isya-mioprofilo-v1,1,500m,1536Mi,100m,1535Mi,,,,,50%
prfd0-prep,isya-sicurezza-v1,1,500m,1536Mi,100m,1535Mi,,,,,50%
prfd0-prep,mobile-datisessione-v1,1,500m,1536Mi,100m,1535Mi,,,,,50%
prfd0-prep,mobile-sicurezza-v1,1,500m,1536Mi,100m,1535Mi,,,,,50%
prfd0-prep,ndce-datisessione-v1,1,500m,1536Mi,100m,1535Mi,,,,,50%
prfd0-prep,ndce-deploy-sicurezzalimitifirme-v1,1,210m,512Mi,50m,500Mi,,,,,50%
prfd0-prod,alfabeto-devices-v1,2,500m,1536Mi,100m,1535Mi,3,2,90,11,50%
prfd0-prod,alfabetomobile-datisessione-v1,2,500m,1536Mi,100m,1535Mi,3,2,90,3,50%
prfd0-prod,core-devices-v1,2,500m,1536Mi,100m,1535Mi,3,2,90,6,50%
prfd0-prod,core-enifstandalone-v1,2,500m,1536Mi,100m,1535Mi,3,2,90,45,50%
prfd0-prod,core-fatcastandalone-v1,2,500m,1536Mi,100m,1535Mi,3,2,90,46,50%
prfd0-prod,core-kafka-devices-v1,2,500m,1536Mi,100m,1535Mi,3,2,90,76,50%
prfd0-prod,core-mioprofilo-v1,2,500m,1536Mi,100m,1535Mi,3,2,90,4,50%
prfd0-prod,isya-mioprofilo-v1,2,500m,1536Mi,100m,1535Mi,3,2,90,4,50%
prfd0-prod,isya-sicurezza-v1,2,500m,1536Mi,100m,1535Mi,3,2,90,4,50%
prfd0-prod,mobile-datisessione-v1,2,500m,1536Mi,100m,1535Mi,3,2,90,5,50%
prfd0-prod,mobile-sicurezza-v1,2,500m,1536Mi,100m,1535Mi,3,2,90,4,50%
prfd0-prod,ndce-datisessione-v1,2,500m,1536Mi,100m,1535Mi,3,2,90,4,50%
prfd0-prod,ndce-deploy-sicurezzalimitifirme-v1,2,210m,512Mi,50m,500Mi,3,2,90,3,50%
view0-prod,alfabetomobile-firma-mykey-v1,2,500m,1536Mi,100m,1535Mi,3,2,90,6,50%
view0-prod,cjucartepgmobile-deploy-arch,2,210m,512Mi,50m,500Mi,3,2,90,36,50%
view0-prod,dacuimobile-deploy-arch,2,210m,512Mi,50m,500Mi,3,2,90,3,50%
view0-prod,discmobile-deploy-arch,2,210m,512Mi,50m,500Mi,3,2,90,3,50%
view0-prod,isamobile-deploy-arch,3,210m,512Mi,100m,500Mi,4,3,90,11,50%
view0-prod,isya-deploy-arch,2,210m,512Mi,50m,500Mi,3,2,90,2,50%
view0-prod,loginweb-mobile-v1,3,500m,1536Mi,100m,1535Mi,4,3,90,,50%
view0-prod,loginweb-mobile-webapp,3,210m,512Mi,30m,500Mi,4,3,90,2,50%
view0-prod,mobile-firma-cartecommercial-v1,2,500m,1536Mi,50m,1535Mi,3,2,90,7,50%
view0-prod,mobile-firma-xmeprotezione-v1,2,500m,1536Mi,50m,1535Mi,3,2,90,12,50%
view0-prod,mobileview-webapp,6,200m,512Mi,50m,500Mi,8,6,90,3,50%
view0-prod,motormobile-deploy-arch,2,210m,512Mi,50m,500Mi,3,2,90,3,50%
view0-prod,ndcemobile-deploy-arch,6,210m,512Mi,100m,500Mi,10,6,90,9,50%
view0-prod,ndcemobile-firmacj-v1,3,500m,1536Mi,100m,1535Mi,4,3,90,4,50%
view0-prod,prestitimobile-deploy-arch,3,210m,512Mi,50m,500Mi,3,2,90,42,50%
view0-prod,protezionemobile-deploy-arch,2,210m,512Mi,50m,500Mi,3,2,90,4,50%
xmeb0-prep,alfabetopb-movimentipfm-fa-v1,1,500m,1536Mi,100m,1535Mi,,,,,50%
xmeb0-prep,alfabetopb-xmebanks-v1,1,500m,1536Mi,100m,1535Mi,,,,,50%
xmeb0-prep,core-xmebanks-v1,1,500m,1536Mi,100m,1535Mi,,,,,50%
xmeb0-prep,ndce-movimentipfm-fa-v1,1,500m,1536Mi,100m,1535Mi,,,,,50%
xmeb0-prep,ndce-xmebanks-v1,1,500m,1536Mi,100m,1535Mi,,,,,50%
xmeb0-prod,alfabetopb-movimentipfm-fa-v1,2,500m,1536Mi,50m,1535Mi,3,2,90,9,50%
xmeb0-prod,alfabetopb-xmebanks-v1,2,500m,1536Mi,50m,1535Mi,3,2,90,8,50%
xmeb0-prod,core-xmebanks-v1,4,500m,1536Mi,100m,1535Mi,6,4,90,83,50%
xmeb0-prod,ndce-movimentipfm-fa-v1,3,500m,1536Mi,100m,1535Mi,4,3,90,,50%
xmeb0-prod,ndce-xmebanks-v1,3,500m,1536Mi,50m,1535Mi,4,3,90,8,50%
cdbp0-prep,anagrafiche-v1,3,500m,4Gi,10m,4094Mi,,,,,50%
cdbp0-prep,antiriciclaggio-v1,2,1,4Gi,10m,4094Mi,,,,,50%
cdbp0-prep,applepay-v1,2,1,4Gi,10m,4094Mi,,,,,50%
cdbp0-prep,architettura-v1,2,1,4Gi,10m,4094Mi,,,,,50%
cdbp0-prep,archiviodoc-v1,2,1,4Gi,10m,4094Mi,,,,,50%
cdbp0-prep,assegni-v1,2,1,4Gi,10m,4094Mi,,,,,50%
cdbp0-prep,autorizzazioni-v1,2,1,1536Mi,10m,1535Mi,,,,,50%
cdbp0-prep,avvisi-v1,2,1,4Gi,10m,4094Mi,,,,,50%
cdbp0-prep,banche-v1,2,1,4Gi,10m,4094Mi,,,,,50%
cdbp0-prep,bonifico-v1,2,1,4Gi,10m,4094Mi,,,,,50%
cdbp0-prep,bonus-v1,2,1,4Gi,10m,4094Mi,,,,,50%
cdbp0-prep,bridge-cdbp0-soap2rest-v1,2,500m,1536Mi,10m,1535Mi,,,,,50%
cdbp0-prep,bridge-md-rest2host-v1,2,500m,1536Mi,10m,1535Mi,,,,,50%
cdbp0-prep,cardless-v1,2,1,4Gi,10m,4094Mi,,,,,50%
cdbp0-prep,carte-v1,2,1,4Gi,10m,4094Mi,,,,,50%
cdbp0-prep,cdil0-cache-v1,3,500m,4Gi,10m,4094Mi,,,,,0
cdbp0-prep,commons-v1,2,1,4Gi,10m,4094Mi,,,,,50%
cdbp0-prep,compare-pu-ndce-v1,2,500m,1536Mi,10m,1535Mi,,,,,50%
cdbp0-prep,contocorrente-v1,2,1,4Gi,10m,4094Mi,,,,,50%
cdbp0-prep,core-antifrodi-v1,2,500m,1536Mi,10m,1535Mi,,,,,50%
cdbp0-prep,core-autorizzazioniterzeparti-v1,2,500m,1536Mi,10m,1535Mi,,,,,50%
cdbp0-prep,core-comparegenerator-v1,2,500m,1536Mi,10m,1535Mi,,,,,50%
cdbp0-prep,core-infoaccounts-v1,2,500m,1536Mi,10m,1535Mi,,,,,50%
cdbp0-prep,core-infoaccounts-v2,2,500m,1536Mi,10m,1535Mi,,,,,50%
cdbp0-prep,core-infoaccounts-v3,2,500m,1536Mi,10m,1535Mi,,,,,50%
cdbp0-prep,core-md-mq2kafka-v1,2,500m,1536Mi,10m,1535Mi,,,,,50%
cdbp0-prep,core-md-v1,2,500m,1536Mi,10m,1535Mi,,,,,50%
cdbp0-prep,core-ndce-fondi-v1,2,500m,1536Mi,10m,1535Mi,,,,,50%
cdbp0-prep,core-ndce-limiti-v1,2,500m,1536Mi,10m,1535Mi,,,,,50%
cdbp0-prep,core-nuovobt-v1,2,500m,1536Mi,10m,1535Mi,,,,,50%
cdbp0-prep,core-profilolegacy-fol-v1,1,500m,1536Mi,10m,1535Mi,,,,,50%
cdbp0-prep,cruscottominori-v1,2,1,4Gi,10m,4094Mi,,,,,50%
cdbp0-prep,demoapp-v1,2,500m,1536Mi,10m,1535Mi,,,,,50%
cdbp0-prep,digitalcollaboration-v1,2,500m,1536Mi,10m,1535Mi,,,,,50%
cdbp0-prep,digitalwallet-v1,2,1,4Gi,10m,4094Mi,,,,,50%
cdbp0-prep,domiciliazioni-v1,2,1,4Gi,10m,4094Mi,,,,,50%
cdbp0-prep,extracontent-v1,2,1,4Gi,10m,4094Mi,,,,,50%
cdbp0-prep,f24-v1,2,1,4Gi,10m,4094Mi,,,,,50%
cdbp0-prep,filialevirtuale-v1,2,1,4Gi,10m,4094Mi,,,,,50%
cdbp0-prep,firma-v1,2,500m,1536Mi,10m,1535Mi,,,,,50%
cdbp0-prep,globalposition-v1,2,2,4Gi,10m,4094Mi,,,,,50%
cdbp0-prep,globalpositionfa-v1,2,1,4Gi,10m,4094Mi,,,,,50%
cdbp0-prep,globalpositionpg-v1,2,1,1536Mi,100m,1535Mi,,,,,50%
cdbp0-prep,guestarea-v1,2,1,4Gi,10m,4094Mi,,,,,50%
cdbp0-prep,hazelcast-management-center,2,500m,1536Mi,10m,1535Mi,,,,,50%
cdbp0-prep,iddigitale-v1,2,1,4Gi,10m,4094Mi,,,,,50%
cdbp0-prep,interactiondb-v1,2,1,4Gi,10m,4094Mi,,,,,50%
cdbp0-prep,inv-mercatiquotazioni-v1,2,1,2Gi,10m,2046Mi,,,,,50%
cdbp0-prep,inv-negoziazione-v1,2,1,2Gi,10m,2046Mi,,,,,50%
cdbp0-prep,inv-newsfinanza-v1,2,1,2Gi,10m,2046Mi,,,,,50%
cdbp0-prep,inv-patrimonio-v1,2,1,2Gi,10m,2046Mi,,,,,50%
cdbp0-prep,jiffy-v1,2,1,4Gi,10m,4094Mi,,,,,50%
cdbp0-prep,listaoperazioni-v1,2,1,4Gi,10m,4094Mi,,,,,50%
cdbp0-prep,listaoperazionifa-v1,2,1,2Gi,10m,2046Mi,,,,,50%
cdbp0-prep,listaoperazionipg-v1,2,1,4Gi,10m,4094Mi,,,,,50%
cdbp0-prep,masterpass-v1,2,1,4Gi,10m,4094Mi,,,,,50%
cdbp0-prep,menu-v1,2,1,4Gi,10m,4094Mi,,,,,50%
cdbp0-prep,migrazionenk2mk-v1,2,500m,1536Mi,10m,1535Mi,,,,,50%
cdbp0-prep,mobilecommons-v1,2,500m,1536Mi,10m,1535Mi,,,,,50%
cdbp0-prep,monetaattiva-v1,2,500m,1536Mi,10m,1535Mi,,,,,50%
cdbp0-prep,motorericerca-v1,2,1,4Gi,10m,4094Mi,,,,,50%
cdbp0-prep,movepay-v1,2,1,4Gi,10m,4094Mi,,,,,50%
cdbp0-prep,ndce-alerting-contacts-v1,2,500m,1536Mi,10m,1535Mi,,,,,50%
cdbp0-prep,ndce-alerting-dashboard-app-v1,2,500m,1536Mi,10m,1535Mi,,,,,50%
cdbp0-prep,ndce-alerting-dashboard-cache-v1,3,500m,1536Mi,10m,1535Mi,,,,,0
cdbp0-prep,ndce-alerting-dashboard-v1,2,500m,1536Mi,10m,1535Mi,,,,,50%
cdbp0-prep,ndce-autorizzazioniterzeparti-v1,2,500m,1536Mi,10m,1535Mi,,,,,50%
cdbp0-prep,ndce-bridgetracingbfd-v1,2,500m,1536Mi,10m,1535Mi,,,,,50%
cdbp0-prep,ndce-bridgetracingibad-v1,2,500m,1536Mi,10m,1535Mi,,,,,50%
cdbp0-prep,ndce-cruscottolimiti-v1,2,500m,1536Mi,10m,1535Mi,,,,,50%
cdbp0-prep,ndce-documentipersonali-v1,2,500m,1536Mi,10m,1535Mi,,,,,50%
cdbp0-prep,ndce-errormanager-v1,1,500m,1536Mi,10m,1535Mi,,,,,50%
cdbp0-prep,ndce-googlepay-app-v1,2,500m,1536Mi,10m,1535Mi,,,,,50%
cdbp0-prep,ndce-identificazionecustomer-v1,2,500m,1536Mi,10m,1535Mi,,,,,50%
cdbp0-prep,ndce-infobt-v1,2,500m,1536Mi,10m,1535Mi,,,,,50%
cdbp0-prep,ndce-previdenza-v1,2,500m,1536Mi,10m,1535Mi,,,,,50%
cdbp0-prep,ndce-sessionmanager-v1,2,500m,1536Mi,10m,1535Mi,,,,,50%
cdbp0-prep,ndce-trackingsinistri-v1,2,500m,1536Mi,10m,1535Mi,,,,,50%
cdbp0-prep,ndce-valoreinsieme-v1,2,500m,1536Mi,10m,1535Mi,,,,,50%
cdbp0-prep,ndce-walkme-v1,2,500m,1536Mi,10m,1535Mi,,,,,50%
cdbp0-prep,ndce-xmesalute-v1,2,500m,1536Mi,10m,1535Mi,,,,,50%
cdbp0-prep,notification-v1,2,1,4Gi,10m,4094Mi,,,,,50%
cdbp0-prep,opricorrenti-v1,2,1,4Gi,10m,4094Mi,,,,,50%
cdbp0-prep,pagamenti-v1,2,1,4Gi,10m,4094Mi,,,,,50%
cdbp0-prep,parlaconnoi-v1,2,1,4Gi,10m,4094Mi,,,,,50%
cdbp0-prep,paygo-v1,2,1,4Gi,10m,4094Mi,,,,,50%
cdbp0-prep,pendingprocesslist-v1,2,1,4Gi,10m,4094Mi,,,,,50%
cdbp0-prep,pfm-v1,2,1,4Gi,10m,4094Mi,,,,,50%
cdbp0-prep,prestiti-v1,2,1,4Gi,10m,4094Mi,,,,,50%
cdbp0-prep,price-v1,2,1,4Gi,10m,4094Mi,,,,,50%
cdbp0-prep,profilocliente-v1,2,1,4Gi,10m,4094Mi,,,,,50%
cdbp0-prep,profiloclientelogin-v1,2,500m,1536Mi,10m,1535Mi,,,,,50%
cdbp0-prep,promemoria-v1,2,1,4Gi,10m,4094Mi,,,,,50%
cdbp0-prep,rapporticliente-v1,2,1,4Gi,10m,4094Mi,,,,,50%
cdbp0-prep,reward-v1,2,500m,1536Mi,10m,1535Mi,,,,,50%
cdbp0-prep,ricariche-v1,2,1,4Gi,10m,4094Mi,,,,,50%
cdbp0-prep,rubrica-v1,2,1,4Gi,10m,4094Mi,,,,,50%
cdbp0-prep,salvadanaio-v1,2,1,4Gi,10m,4094Mi,,,,,50%
cdbp0-prep,scandoc-v1,2,1,4Gi,10m,4094Mi,,,,,50%
cdbp0-prep,sessionmanager-v1,2,2,4Gi,10m,4094Mi,,,,,50%
cdbp0-prep,smartsave-v1,2,1,4Gi,10m,4094Mi,,,,,50%
cdbp0-prep,trading-v1,2,1,4Gi,10m,4094Mi,,,,,50%
cdbp0-prep,walletassicurativo-v1,2,1,4Gi,10m,4094Mi,,,,,50%
cdbp0-prep,westernunion-v1,2,1,4Gi,10m,4094Mi,,,,,50%
cdbp0-prep,wishlist-v1,2,1,4Gi,10m,4094Mi,,,,,50%
cdbp0-prep,xmeconto-v1,2,1,4Gi,10m,4094Mi,,,,,50%
cdbp0-prep,xmedindi-v1,2,1,4Gi,10m,4094Mi,,,,,50%
cdbp0-prep,xmedindibatch-v1,2,500m,1536Mi,10m,1535Mi,,,,,50%
cdbp0-prod,anagrafiche-v1,6,1,4Gi,330m,4094Mi,8,6,90,29,50%
cdbp0-prod,antiriciclaggio-v1,2,1,3584Mi,120m,3580Mi,3,2,90,50,50%
cdbp0-prod,applepay-v1,3,1500m,3584Mi,120m,3580Mi,3,2,90,90,50%
cdbp0-prod,architettura-v1,5,2,4Gi,800m,4094Mi,5,5,90,97,50%
cdbp0-prod,archiviodoc-v1,30,1500m,30G,800m,30G,60,30,90,32,50%
cdbp0-prod,assegni-v1,2,1500m,3584Mi,120m,3580Mi,3,2,90,56,50%
cdbp0-prod,autorizzazioni-v1,3,1500m,3584Mi,120m,3580Mi,4,3,90,61,50%
cdbp0-prod,avvisi-v1,25,4,5Gi,3200m,5118Mi,30,25,99,40,50%
cdbp0-prod,banche-v1,3,1,3584Mi,120m,3580Mi,3,2,90,67,50%
cdbp0-prod,bonifico-v1,15,1500m,6912Mi,400m,6911Mi,18,15,90,64,50%
cdbp0-prod,bonus-v1,2,1,3584Mi,150m,3580Mi,3,2,90,40,50%
cdbp0-prod,bridge-cdbp0-soap2rest-v1,3,500m,2Gi,450m,2045Mi,4,3,90,1,50%
cdbp0-prod,bridge-md-rest2host-v1,2,1,2Gi,450m,2045Mi,3,2,90,5,50%
cdbp0-prod,cardless-v1,3,1500m,4Gi,155m,4094Mi,4,3,90,86,50%
cdbp0-prod,carte-v1,12,1500m,4608Mi,1,4606Mi,16,12,85,43,50%
cdbp0-prod,cdil0-cache-v1,24,8,9Gi,3,9214Mi,,,,,0
cdbp0-prod,commons-v1,13,1500m,4Gi,650m,4094Mi,18,13,90,64,50%
cdbp0-prod,compare-pu-ndce-v1,4,4,4Gi,500m,4Gi,4,3,90,117,50%
cdbp0-prod,contocorrente-v1,7,1500m,4Gi,600m,4094Mi,9,7,90,48,50%
cdbp0-prod,core-antifrodi-v1,2,500m,2Gi,50m,2045Mi,3,2,90,12,50%
cdbp0-prod,core-autorizzazioniterzeparti-v1,2,500m,2Gi,50m,2045Mi,3,2,90,7,50%
cdbp0-prod,core-comparegenerator-v1,8,500m,4Gi,450m,2045Mi,10,8,90,27,50%
cdbp0-prod,core-infoaccounts-v1,2,500m,2Gi,50m,2045Mi,3,2,90,10,50%
cdbp0-prod,core-infoaccounts-v2,2,500m,2Gi,50m,2045Mi,3,2,90,7,50%
cdbp0-prod,core-infoaccounts-v3,2,500m,2Gi,450m,2045Mi,3,2,90,2,50%
cdbp0-prod,core-md-mq2kafka-v1,3,500m,2Gi,450m,2045Mi,4,3,90,3,50%
cdbp0-prod,core-md-v1,3,500m,2Gi,450m,2045Mi,4,3,90,4,50%
cdbp0-prod,core-ndce-fondi-v1,3,500m,2Gi,50m,2045Mi,4,3,90,7,50%
cdbp0-prod,core-ndce-limiti-v1,3,500m,2Gi,83m,2045Mi,4,3,90,10,50%
cdbp0-prod,core-nuovobt-v1,2,500m,2Gi,30m,2045Mi,3,2,90,11,50%
cdbp0-prod,core-profilolegacy-fol-v1,2,500m,2Gi,50m,2045Mi,3,2,90,20,50%
cdbp0-prod,cruscottominori-v1,3,1,4Gi,125m,4094Mi,3,2,90,69,50%
cdbp0-prod,demoapp-v1,2,1,4Gi,120m,4094Mi,3,2,90,49,50%
cdbp0-prod,digitalcollaboration-v1,4,2,4Gi,135m,4094Mi,6,4,90,46,50%
cdbp0-prod,digitalwallet-v1,10,3,4Gi,350m,4094Mi,13,10,90,41,50%
cdbp0-prod,domiciliazioni-v1,4,1500m,4Gi,255m,4094Mi,5,4,90,45,50%
cdbp0-prod,extracontent-v1,12,2,4Gi,600m,4094Mi,15,12,90,61,50%
cdbp0-prod,f24-v1,6,1,4Gi,202m,4094Mi,11,6,90,62,50%
cdbp0-prod,filialevirtuale-v1,12,1,4Gi,600m,4094Mi,16,12,90,14,50%
cdbp0-prod,firma-v1,2,2,4Gi,250m,4094Mi,3,2,90,31,50%
cdbp0-prod,globalposition-v1,23,4,6Gi,1,6140Mi,23,23,90,12,50%
cdbp0-prod,globalpositionfa-v1,6,2,4Gi,150m,4094Mi,9,6,90,47,50%
cdbp0-prod,globalpositionpg-v1,6,4,6Gi,131m,6140Mi,6,4,90,95,50%
cdbp0-prod,guestarea-v1,2,1,4Gi,130m,4094Mi,3,2,90,37,50%
cdbp0-prod,hazelcast-management-center,1,2,9Gi,500m,9Gi,,,,,50%
cdbp0-prod,iddigitale-v1,3,1,4Gi,130m,4094Mi,4,3,90,43,50%
cdbp0-prod,interactiondb-v1,10,3,4Gi,300m,4094Mi,13,10,90,50,50%
cdbp0-prod,inv-mercatiquotazioni-v1,12,4,5Gi,1500m,5115Mi,16,12,90,23,50%
cdbp0-prod,inv-negoziazione-v1,12,4,5Gi,1,5115Mi,16,12,90,11,50%
cdbp0-prod,inv-newsfinanza-v1,4,3,5Gi,1,5115Mi,6,4,90,17,50%
cdbp0-prod,inv-patrimonio-v1,12,3,5Gi,1,5115Mi,16,12,90,20,50%
cdbp0-prod,jiffy-v1,6,2,4Gi,350m,4094Mi,8,6,90,29,50%
cdbp0-prod,listaoperazioni-v1,27,4,6Gi,1500m,6140Mi,27,27,90,46,50%
cdbp0-prod,listaoperazionifa-v1,10,1,4Gi,500m,4094Mi,20,10,90,21,50%
cdbp0-prod,listaoperazionipg-v1,6,4,6Gi,131m,6140Mi,6,4,90,288,50%
cdbp0-prod,masterpass-v1,2,2,3Gi,165m,3070Mi,3,2,90,37,50%
cdbp0-prod,menu-v1,40,4,4Gi,1400m,4094Mi,40,40,90,43,50%
cdbp0-prod,migrazionenk2mk-v1,2,1,4Gi,500m,4094Mi,3,2,90,12,50%
cdbp0-prod,mobilecommons-v1,8,2,4Gi,200m,4094Mi,8,6,90,102,50%
cdbp0-prod,monetaattiva-v1,2,500m,2Gi,135m,2045Mi,3,2,90,54,50%
cdbp0-prod,motorericerca-v1,8,1,4Gi,195m,4094Mi,10,5,90,181,50%
cdbp0-prod,movepay-v1,2,2,4Gi,142m,4094Mi,3,2,90,41,50%
cdbp0-prod,ndce-alerting-contacts-v1,3,500m,2Gi,50m,2045Mi,4,3,90,7,50%
cdbp0-prod,ndce-alerting-dashboard-app-v1,8,500m,2Gi,83m,2045Mi,11,8,90,35,50%
cdbp0-prod,ndce-alerting-dashboard-cache-v1,4,500m,2Gi,83m,2045Mi,,,,,0
cdbp0-prod,ndce-alerting-dashboard-v1,3,500m,2Gi,50m,2045Mi,4,3,90,13,50%
cdbp0-prod,ndce-autorizzazioniterzeparti-v1,2,500m,2Gi,50m,2045Mi,3,2,90,10,50%
cdbp0-prod,ndce-bridgetracingbfd-v1,2,500m,2Gi,450m,2045Mi,3,2,70,4,50%
cdbp0-prod,ndce-bridgetracingibad-v1,2,500m,2Gi,83m,2045Mi,2,2,90,115,50%
cdbp0-prod,ndce-cruscottolimiti-v1,2,500m,2Gi,30m,2045Mi,3,2,90,11,50%
cdbp0-prod,ndce-documentipersonali-v1,2,500m,2Gi,50m,2045Mi,3,2,90,7,50%
cdbp0-prod,ndce-errormanager-v1,2,500m,2Gi,450m,2045Mi,3,2,90,0,50%
cdbp0-prod,ndce-googlepay-app-v1,2,500m,2Gi,30m,2045Mi,3,2,90,13,50%
cdbp0-prod,ndce-identificazionecustomer-v1,2,500m,2Gi,50m,2045Mi,3,2,90,9,50%
cdbp0-prod,ndce-previdenza-v1,2,500m,2Gi,450m,2045Mi,3,2,90,,50%
cdbp0-prod,ndce-sessionmanager-v1,60,1500m,3Gi,450m,3070Mi,60,60,90,84,50%
cdbp0-prod,ndce-trackingsinistri-v1,2,500m,2Gi,30m,2045Mi,3,2,90,16,50%
cdbp0-prod,ndce-valoreinsieme-v1,2,500m,2Gi,50m,2045Mi,3,2,90,10,50%
cdbp0-prod,ndce-walkme-v1,2,500m,3Gi,83m,3070Mi,3,2,90,50,50%
cdbp0-prod,ndce-xmesalute-v1,2,500m,2Gi,30m,2045Mi,3,2,90,15,50%
cdbp0-prod,notification-v1,12,4,4Gi,700m,4094Mi,15,12,90,34,50%
cdbp0-prod,opricorrenti-v1,3,2,4Gi,150m,4094Mi,4,3,90,49,50%
cdbp0-prod,pagamenti-v1,6,1500m,4Gi,400m,4094Mi,8,6,90,83,50%
cdbp0-prod,parlaconnoi-v1,6,1,4Gi,500m,4094Mi,8,6,90,62,50%
cdbp0-prod,paygo-v1,2,2,4Gi,150m,4094Mi,3,2,90,42,50%
cdbp0-prod,pendingprocesslist-v1,14,1,4Gi,400m,4094Mi,32,14,90,65,50%
cdbp0-prod,pfm-v1,32,4,4224Mi,1300m,4222Mi,32,32,90,53,50%
cdbp0-prod,prestiti-v1,6,1,4Gi,150m,4094Mi,8,6,90,37,50%
cdbp0-prod,price-v1,2,1,4Gi,135m,4094Mi,3,2,90,34,50%
cdbp0-prod,profilocliente-v1,16,4,4Gi,1900m,4094Mi,20,16,90,36,50%
cdbp0-prod,profiloclientelogin-v1,10,2,3Gi,800m,3070Mi,14,10,90,60,50%
cdbp0-prod,promemoria-v1,5,1,4Gi,140m,4094Mi,5,3,90,257,50%
cdbp0-prod,rapporticliente-v1,3,1,4Gi,120m,4094Mi,4,3,90,48,50%
cdbp0-prod,reward-v1,2,500m,4Gi,131m,4094Mi,3,2,90,52,50%
cdbp0-prod,ricariche-v1,4,2,4Gi,520m,4094Mi,6,4,90,16,50%
cdbp0-prod,rubrica-v1,8,3,4Gi,1200m,4094Mi,11,8,90,55,50%
cdbp0-prod,salvadanaio-v1,3,1,4Gi,216m,4094Mi,3,2,90,81,50%
cdbp0-prod,scandoc-v1,10,1,4Gi,100m,4094Mi,10,10,90,62,50%
cdbp0-prod,sessionmanager-v1,60,6,8Gi,6,8190Mi,60,60,95,24,34%
cdbp0-prod,smartsave-v1,0,1,4Gi,900m,4094Mi,,,,,50%
cdbp0-prod,trading-v1,2,2,4Gi,150m,4094Mi,3,2,90,39,50%
cdbp0-prod,walletassicurativo-v1,2,1,4Gi,130m,4094Mi,3,2,90,51,50%
cdbp0-prod,westernunion-v1,2,1,4Gi,120m,4094Mi,3,2,90,45,50%
cdbp0-prod,wishlist-v1,3,1,4Gi,130m,4094Mi,3,2,90,81,50%
cdbp0-prod,xmeconto-v1,3,2,4Gi,200m,4094Mi,4,3,90,35,50%
cdbp0-prod,xmedindi-v1,2,2,4Gi,150m,4094Mi,3,2,90,51,50%
cdbp0-prod,xmedindibatch-v1,3,1,2Gi,100m,2046Mi,3,2,90,68,50%
gwib0-prep,core-esenzione-tracciatura-sca-v1,1,500m,1536Mi,100m,1535Mi,,,,,50%
gwib0-prep,core-security-cache-handler-v1,3,500m,1536Mi,100m,1535Mi,,,,,50%
gwib0-prep,core-security-cache-v1,3,500m,1536Mi,100m,1535Mi,,,,,0
gwib0-prep,core-security-logo-polling-v1,1,500m,1536Mi,100m,1535Mi,,,,,50%
gwib0-prep,core-security-session-v1,1,500m,1536Mi,100m,1535Mi,,,,,50%
gwib0-prep,core-security-wfmfrode-v1,1,500m,1536Mi,100m,1535Mi,,,,,50%
gwib0-prep,core-security-wfmlogin-v1,1,500m,1536Mi,100m,1535Mi,,,,,50%
gwib0-prep,core-security-wfmnofrode-v1,1,500m,1536Mi,100m,1535Mi,,,,,50%
gwib0-prep,hazelcast-management-center,1,500m,1536Mi,100m,1535Mi,,,,,50%
gwib0-prod,core-esenzione-tracciatura-sca-v1,2,500m,1536Mi,50m,1535Mi,3,2,70,9,50%
gwib0-prod,core-security-cache-handler-v1,6,1,4Gi,500m,1535Mi,8,6,90,44,50%
gwib0-prod,core-security-cache-v1,10,1,4Gi,500m,4095Mi,10,10,90,7,0
gwib0-prod,core-security-logo-polling-v1,2,500m,1536Mi,100m,1535Mi,3,2,90,5,50%
gwib0-prod,core-security-session-v1,8,2,4Gi,1,1535Mi,8,8,90,10,50%
gwib0-prod,core-security-wfmfrode-v1,6,1,4Gi,100m,1535Mi,7,6,70,13,50%
gwib0-prod,core-security-wfmlogin-v1,34,1,4G,1,4G,,,,,50%
gwib0-prod,core-security-wfmnofrode-v1,6,1,4Gi,100m,1535Mi,7,6,70,5,50%
gwib0-prod,hazelcast-management-center,1,500m,4Gi,450m,4094Mi,,,,,50%
isp-logging,kb-dmttoisp001p-001,1,2,2Gi,500m,1Gi,,,,,25%
isp-logging,kibana-cdil0-deployment,1,2,2Gi,500m,1Gi,,,,,25%
isp-logging,nginx-cdil0-deployment,2,500m,512Mi,10m,50Mi,,,,,25%
isp-logging,nginx-deployment,0,500m,512Mi,10m,50Mi,,,,,25%
isp-logging,nginx-dmttoisp001p-deployment,4,500m,512Mi,10m,50Mi,,,,,25%
isp-logging,nginx-eck-iaas-deployment,4,500m,512Mi,10m,50Mi,,,,,25%
isp-logging,nginx-eck-ocap0-deployment,4,500m,512Mi,10m,50Mi,,,,,25%
isp-logging,nginx-eck-ocp-prod-deployment,4,500m,512Mi,10m,50Mi,,,,,25%
isp-logging,nginx-eck-ocp-prod-es-deployment,4,500m,512Mi,10m,50Mi,,,,,25%
isp-logging,nginx-eck-ocp-prod-redirect-deployment,4,500m,512Mi,10m,50Mi,,,,,25%
